{
  "initialization_time_planning": 0.17948222160339355,
  "execution_time_planning": 42.40432667732239,
  "total_time": 42.58380889892578
}