{
  "initialization_time_planning": 0.18966293334960938,
  "execution_time_planning": 33.218886613845825,
  "total_time": 33.408549547195435
}