{
  "initialization_time_control": 0.148604154586792,
  "execution_time_control": 74.66603493690491,
  "total_time": 74.8146390914917
}