{
  "initialization_time_control": 0.11545586585998535,
  "execution_time_control": 545.8102128505707,
  "total_time": 545.9256687164307
}