{
  "initialization_time_control": 0.1497340202331543,
  "execution_time_control": 172.88701581954956,
  "total_time": 173.03674983978271
}