{
  "initialization_time_control": 0.1140596866607666,
  "execution_time_control": 113.58749318122864,
  "total_time": 113.7015528678894
}