{
  "initialization_time_control": 0.15030241012573242,
  "execution_time_control": 518.2279717922211,
  "total_time": 518.3782742023468
}