{
  "initialization_time_control": 0.12321710586547852,
  "execution_time_control": 565.4616162776947,
  "total_time": 565.5848333835602
}