{
  "initialization_time_control": 0.14782094955444336,
  "execution_time_control": 98.028146982193,
  "total_time": 98.17596793174744
}