{
  "initialization_time_control": 0.17441034317016602,
  "execution_time_control": 165.29051184654236,
  "total_time": 165.46492218971252
}