{
  "initialization_time_control": 0.14862918853759766,
  "execution_time_control": 595.6169281005859,
  "total_time": 595.7655572891235
}