{
  "initialization_time_control": 0.1507585048675537,
  "execution_time_control": 154.33355402946472,
  "total_time": 154.48431253433228
}