{
  "initialization_time_control": 0.17894196510314941,
  "execution_time_control": 2548.926687002182,
  "total_time": 2549.105628967285
}