{
  "initialization_time_control": 0.14800405502319336,
  "execution_time_control": 149.36081981658936,
  "total_time": 149.50882387161255
}