{
  "initialization_time_control": 0.1046595573425293,
  "execution_time_control": 429.9538516998291,
  "total_time": 430.05851125717163
}