{"train_loss": [0.7700842924607105, 0.6685887957230593, 0.6476288789357895, 0.6342639327049255, 0.6034211363547888, 0.5727991079672788, 0.5488472550343244, 0.5379150219452686, 0.5279392645909236, 0.524631856343685, 0.5224388547432728, 0.5211220100904123, 0.5202227861453326, 0.5164911968585773, 0.5169854171765156, 0.520991019713573, 0.5116682129028516, 0.5111947258313497, 0.5112134837187253, 0.5115738320044982, 0.5107634082818643, 0.5078661892658625, 0.5073338166261331, 0.5113345476297232, 0.506435500505643, 0.5056382524661529, 0.5064641764530768, 0.5059435214751806, 0.5054587171627924, 0.5061495235333076, 0.5037851746265705, 0.5029998299403068, 0.502962466997978, 0.5027112907324082, 0.5025263963601528, 0.5021572426343576, 0.5019719692376944, 0.501557123202544, 0.5000318525693356, 0.49932637352209824, 0.49917923792814595, 0.4992348414201003, 0.4981693365635016, 0.4984180942559854, 0.49819257626166713, 0.49689756142787445, 0.49693862291482777, 0.4969558524779784, 0.4963681101799011, 0.4954782097767561, 0.4955932062405806, 0.49516296233886326, 0.4948275945125482, 0.4945135712623596, 0.4951509772202907, 0.49438188320551163, 0.49457260202138853, 0.49443228046099347, 0.49510901325788254, 0.49568181465833616], "val_loss": [0.6677624344825744, 0.6562283515930176, 0.6389957666397095, 0.6236935019493103, 0.6056675910949707, 0.5517160177230835, 0.5376298904418946, 0.5333042144775391, 0.533040714263916, 0.5192564487457275, 0.5197564601898194, 0.5140403628349304, 0.5243395805358887, 0.5307491421699524, 0.5114911198616028, 0.512208104133606, 0.5064779222011566, 0.5086543560028076, 0.5085062801837921, 0.5335799574851989, 0.5193798780441284, 0.5043949961662293, 0.508066987991333, 0.5190158128738404, 0.503780847787857, 0.5037595868110657, 0.5116117477416993, 0.5139312863349914, 0.5065192461013794, 0.5048532605171203, 0.5075615525245667, 0.5077364444732666, 0.502328234910965, 0.502129876613617, 0.5011810541152955, 0.5112801432609558, 0.5003826677799225, 0.5079222321510315, 0.501921010017395, 0.5053011476993561, 0.5013715863227844, 0.5007060766220093, 0.4988808989524841, 0.5003657758235931, 0.501371705532074, 0.500868046283722, 0.5010461747646332, 0.50025195479393, 0.5007107317447662, 0.5000854074954987, 0.501174908876419, 0.5001567244529724, 0.500918847322464, 0.5016030311584473, 0.5008103907108307, 0.4996918380260468, 0.501617181301117, 0.5013224661350251, 0.5009895086288452, 0.5003003299236297], "train_l1": [0.7700842924607105, 0.6596245261339041, 0.6421586580765553, 0.6303034378932073, 0.6008145900873038, 0.5709286439113128, 0.5473470580883515, 0.5366702416004279, 0.5266563800665048, 0.52351991717632, 0.5211789011955261, 0.5199776528737484, 0.5190616143055451, 0.5152364526039515, 0.5158245639923291, 0.5197743437229059, 0.5104764738144019, 0.5100631362352616, 0.5099916343505566, 0.5103539877977127, 0.5095348388720782, 0.5066685752990918, 0.5061901081831027, 0.5101379431211032, 0.5051687978781186, 0.5044724161808307, 0.505224680289244, 0.5046969285378089, 0.5041713049778571, 0.5047945838708144, 0.5024836055743389, 0.5017897012906197, 0.5017073414264581, 0.5013678677571125, 0.5011205879541544, 0.5008654632629492, 0.5006262583610339, 0.5003337157078278, 0.4987071752548218, 0.49799096355071437, 0.49793655138749343, 0.49792076609073543, 0.4968625016701527, 0.4969951854302333, 0.49688119078293824, 0.4956110196235852, 0.4956282002803607, 0.4955677023300758, 0.4950204231800177, 0.49409336004501736, 0.4942054290037889, 0.4938445419837267, 0.49342966691041606, 0.49312144212233716, 0.4937874040542505, 0.4929789656247848, 0.4931685840472197, 0.493013647886423, 0.49367675490868396, 0.49421472732837385], "val_l1": [0.6677624344825744, 0.6489561080932618, 0.6362237930297852, 0.6204528450965882, 0.6047211050987243, 0.5504127502441406, 0.5368438839912415, 0.5328545808792114, 0.5308203816413879, 0.5188073635101318, 0.5180098295211792, 0.5126380801200867, 0.5234591960906982, 0.5297523498535156, 0.5109106779098511, 0.511581540107727, 0.5049013495445251, 0.5076574325561524, 0.5076438009738922, 0.5325661063194275, 0.5183688282966614, 0.5033547401428222, 0.5076584696769715, 0.5161999344825745, 0.5022138595581055, 0.502692186832428, 0.5101740598678589, 0.512240719795227, 0.5053772151470184, 0.5014436066150665, 0.5054974853992462, 0.5066586792469024, 0.49994899034500123, 0.5014148592948914, 0.5002246558666229, 0.5086201667785645, 0.4989690899848938, 0.5063717603683472, 0.49988099932670593, 0.5046827256679535, 0.500146073102951, 0.49896747469902036, 0.4976889967918396, 0.4988312363624573, 0.5000615298748017, 0.49933143258094786, 0.49957689046859743, 0.49864580631256106, 0.49912373423576356, 0.49903524518013, 0.49980383515357973, 0.49881504774093627, 0.4995819330215454, 0.5002453327178955, 0.49952133297920226, 0.49828397035598754, 0.500269067287445, 0.5000252544879913, 0.49958662390708924, 0.4989719927310944], "train_spec": [7.2391330523368635, 5.288921940021026, 1.6137139216447487, 0.7788967604820545, 0.3844657712257825, 0.2207146860086001, 0.14751917716020194, 0.10491762902492131, 0.09461274160406528, 0.07289406795723316, 0.07433714674642453, 0.061379243118258625, 0.05709111298888157, 0.056946111078827806, 0.048921834820738204, 0.047856113515221156, 0.043945238137474425, 0.03927265179271881, 0.040049500858936556, 0.037879535116446324, 0.036242797636450864, 0.033647225405543275, 0.030672058845177676, 0.030695582071366984, 0.031139745496404476, 0.02751373162922951, 0.028127019842847798, 0.02724038926550211, 0.027127626256491892, 0.027566038430310212, 0.025597524518767994, 0.023031539235932704, 0.02314133058564785, 0.02401878324170143, 0.024394957324824273, 0.021775646111330926, 0.022054700383868735, 0.019508384574109163, 0.020567390590141982, 0.02020238996602786, 0.018329680365964007, 0.018909888891264413, 0.018357963969883245, 0.019523633691744927, 0.01758451310869975, 0.01686800476641227, 0.016807581345813397, 0.017425745056989867, 0.016565292190091733, 0.016674740096697442, 0.016375789490456764, 0.015252337898485936, 0.015861120361548204, 0.015497270207374524, 0.014898274786388263, 0.015049475746659132, 0.014792327100458818, 0.014684084420784926, 0.014569533224671315, 0.014670867544527236], "val_spec": [11.141065979003907, 4.290623617172241, 0.8177308201789856, 0.6373295426368714, 0.1396057665348053, 0.15378533601760863, 0.07729006707668304, 0.03789702206850052, 0.1637498140335083, 0.029440296813845634, 0.10305144786834716, 0.07521353363990783, 0.04328525587916374, 0.04523933827877045, 0.024461371824145317, 0.024644925072789193, 0.0581356056034565, 0.03459899351000786, 0.028270164132118226, 0.031482933461666106, 0.029826145246624948, 0.029226023703813553, 0.01095565352588892, 0.07223367542028428, 0.03852166086435318, 0.025190721079707146, 0.03262466602027416, 0.03694228455424309, 0.024064377695322037, 0.06936875358223915, 0.04059329479932785, 0.020512034371495246, 0.043867277354002, 0.012783520668745042, 0.01659639962017536, 0.044839775562286376, 0.023166979476809502, 0.02472383640706539, 0.03167394548654556, 0.00935548720881343, 0.018076290003955366, 0.025018863007426263, 0.016743411123752595, 0.02105543538928032, 0.017568198218941688, 0.020146763324737547, 0.01884512510150671, 0.02016235962510109, 0.019506627693772316, 0.012644948810338974, 0.016178693063557147, 0.01552136167883873, 0.015168737433850766, 0.015114059299230575, 0.014084094762802124, 0.015102601051330567, 0.014203265868127346, 0.013427277095615864, 0.014270691014826298, 0.013283315673470497]}