{
  "initialization_time_control": 0.15343356132507324,
  "execution_time_control": 96.03818130493164,
  "total_time": 96.19161486625671
}