{
  "initialization_time_control": 0.18679094314575195,
  "execution_time_control": 214.29586482048035,
  "total_time": 214.4826557636261
}