{
  "initialization_time_control": 0.1496267318725586,
  "execution_time_control": 1086.8438189029694,
  "total_time": 1086.993445634842
}