{
  "initialization_time_control": 0.14987826347351074,
  "execution_time_control": 99.25638723373413,
  "total_time": 99.40626549720764
}