{
  "initialization_time_control": 0.7233054637908936,
  "execution_time_control": 258.1791687011719,
  "total_time": 258.90247416496277
}