{
  "initialization_time_control": 0.15935349464416504,
  "execution_time_control": 384.9604640007019,
  "total_time": 385.11981749534607
}