{
  "initialization_time_control": 0.1481313705444336,
  "execution_time_control": 1812.1965539455414,
  "total_time": 1812.3446853160858
}