{
  "initialization_time_control": 0.14982914924621582,
  "execution_time_control": 408.7471420764923,
  "total_time": 408.8969712257385
}