{
  "initialization_time_control": 0.1488935947418213,
  "execution_time_control": 351.29425382614136,
  "total_time": 351.4431474208832
}