{
  "initialization_time_control": 0.151824951171875,
  "execution_time_control": 734.5720384120941,
  "total_time": 734.723863363266
}