{
  "initialization_time_control": 0.20942306518554688,
  "execution_time_control": 212.37507152557373,
  "total_time": 212.58449459075928
}