{
  "initialization_time_control": 0.12101459503173828,
  "execution_time_control": 553.5349941253662,
  "total_time": 553.656008720398
}