{
  "initialization_time_control": 0.1088871955871582,
  "execution_time_control": 1043.6445939540863,
  "total_time": 1043.7534811496735
}