{
  "initialization_time_control": 0.15514898300170898,
  "execution_time_control": 97.72281837463379,
  "total_time": 97.8779673576355
}