{
  "initialization_time_control": 0.1124429702758789,
  "execution_time_control": 164.39607644081116,
  "total_time": 164.50851941108704
}