{
  "initialization_time_control": 0.11361312866210938,
  "execution_time_control": 136.16908884048462,
  "total_time": 136.28270196914673
}