{
  "initialization_time_control": 0.12617230415344238,
  "execution_time_control": 110.50348806381226,
  "total_time": 110.6296603679657
}