{
  "initialization_time_control": 0.11500382423400879,
  "execution_time_control": 316.7362072467804,
  "total_time": 316.8512110710144
}