{
  "initialization_time_planning": 1.5648839473724365,
  "execution_time_planning": 39.994643211364746,
  "total_time": 41.55952715873718
}