{
  "initialization_time_planning": 0.17063498497009277,
  "execution_time_planning": 45.354889154434204,
  "total_time": 45.5255241394043
}