{
  "initialization_time_control": 0.2007441520690918,
  "execution_time_control": 376.842613697052,
  "total_time": 377.0433578491211
}