{
  "initialization_time_control": 0.6369013786315918,
  "execution_time_control": 681.0770487785339,
  "total_time": 681.7139501571655
}