{
  "initialization_time_control": 0.11651349067687988,
  "execution_time_control": 97.97279286384583,
  "total_time": 98.0893063545227
}