{
  "initialization_time_control": 0.16503095626831055,
  "execution_time_control": 151.20389556884766,
  "total_time": 151.36892652511597
}