{
  "initialization_time_control": 0.11249923706054688,
  "execution_time_control": 139.32674741744995,
  "total_time": 139.4392466545105
}