{
  "initialization_time_control": 0.10735702514648438,
  "execution_time_control": 334.1016025543213,
  "total_time": 334.2089595794678
}