{
  "initialization_time_planning": 0.16773295402526855,
  "execution_time_planning": 35.83089327812195,
  "total_time": 35.99862623214722
}