{
  "initialization_time_planning": 0.18969440460205078,
  "execution_time_planning": 36.91672468185425,
  "total_time": 37.1064190864563
}