{
  "initialization_time_control": 0.11644434928894043,
  "execution_time_control": 220.40479826927185,
  "total_time": 220.5212426185608
}