{
  "initialization_time_control": 0.11630582809448242,
  "execution_time_control": 579.6152060031891,
  "total_time": 579.7315118312836
}