{
  "initialization_time_control": 0.11693286895751953,
  "execution_time_control": 75.40011048316956,
  "total_time": 75.51704335212708
}