{
  "initialization_time_control": 0.10760283470153809,
  "execution_time_control": 6539.223693847656,
  "total_time": 6539.331296682358
}