{
  "initialization_time_control": 0.15107083320617676,
  "execution_time_control": 591.1302337646484,
  "total_time": 591.2813045978546
}