{
  "initialization_time_control": 0.11608171463012695,
  "execution_time_control": 167.8609733581543,
  "total_time": 167.97705507278442
}