{
  "initialization_time_planning": 0.2632741928100586,
  "execution_time_planning": 39.48876619338989,
  "total_time": 39.75204038619995
}