{
  "initialization_time_control": 0.15743708610534668,
  "execution_time_control": 886.1986124515533,
  "total_time": 886.3560495376587
}