{
  "initialization_time_control": 0.15102243423461914,
  "execution_time_control": 101.85241723060608,
  "total_time": 102.0034396648407
}