{
  "initialization_time_control": 0.15241003036499023,
  "execution_time_control": 1314.331971168518,
  "total_time": 1314.484381198883
}