{
  "initialization_time_control": 0.18872475624084473,
  "execution_time_control": 183.98774600028992,
  "total_time": 184.17647075653076
}