{
  "initialization_time_control": 0.15559887886047363,
  "execution_time_control": 186.06565117835999,
  "total_time": 186.22125005722046
}