{
  "initialization_time_planning": 0.1282634735107422,
  "execution_time_planning": 37.744964599609375,
  "total_time": 37.87322807312012
}